{"cameraMode":{"drawMode":0,"name":"Shaded","section":"Shading Mode"},"sceneLighting":true,"audioPlay":false,"sceneViewState":{"m_AlwaysRefresh":false,"showFog":true,"showSkybox":true,"showFlares":true,"showImageEffects":true,"showParticleSystems":true,"showVisualEffectGraphs":true,"m_FxEnabled":true},"in2DMode":false,"pivot":{"x":1235.2813720703125,"y":985.8302612304688,"z":82.5570068359375},"rotation":{"x":0.014887195080518723,"y":-0.12207900732755661,"z":0.001831286819651723,"w":0.9924072027206421},"size":323.8083801269531,"orthographic":true}