{"cameraMode":{"drawMode":0,"name":"Shaded","section":"Shading Mode"},"sceneLighting":false,"audioPlay":false,"sceneViewState":{"m_AlwaysRefresh":false,"showFog":true,"showSkybox":false,"showFlares":true,"showImageEffects":true,"showParticleSystems":true,"showVisualEffectGraphs":true,"m_FxEnabled":true},"in2DMode":false,"pivot":{"x":9.707029342651368,"y":0.7121883630752564,"z":-0.7508420944213867},"rotation":{"x":0.2332536280155182,"y":0.024793602526187898,"z":-0.005949138198047876,"w":0.9720825552940369},"size":1.1416293382644654,"orthographic":false}